County,BachelorsDegreePct,HighSchoolGradPct,PovertyRate,UnemploymentRate,Population,IsNCA,EducationGap,EducationRatio,PovertyUnemploymentRatio,PopulationDensityProxy,EconomicPressure,HighPoverty,LowBachelorRate,HighUnemployment,LargePopulation,WideEducationGap,VeryHighPoverty,VeryLowEducation,EconomicDistress,VulnerabilityScore,WeightedVulnerabilityScore,VulnerabilityScoreNorm,WeightedVulnerabilityScoreNorm,RiskCategory,BachelorsDegreePct_Scaled,HighSchoolGradPct_Scaled,PovertyRate_Scaled,UnemploymentRate_Scaled,Population_Scaled,EducationGap_Scaled,EducationRatio_Scaled,PovertyUnemploymentRatio_Scaled,PopulationDensityProxy_Scaled,EconomicPressure_Scaled
Arkansas,0.153991381,0.210867745,15.4,2.7,16307,0,0.056876364,0.697210819,5.682656827,9.699411064,9.05,0,1,0,0,0,0,1,0,1,1.5,0,0,Low Risk,0.379914186,0.22448781,0.245954693,0.095238095,0.029506687,0.095948184,0.891307433,0.583594736,0.281959923,0.234421365
Ashley,0.066685531,0.285207593,18.4,5.6,18262,0,0.218522063,0.225893683,3.279857398,9.812632434,12,0,1,0,0,0,0,1,0,1,1.5,0,0,Low Risk,0.15061293,0.30605924,0.343042071,0.785714286,0.034451448,0.354722548,0.135471795,0.010340639,0.307366706,0.409495549
Baxter,0.043728605,0.080813422,16,3.6,42875,1,0.037084816,0.481521392,4.432132964,10.66606751,9.8,0,1,0,1,0,0,1,0,2,2,0.5,0.142857143,Low Risk,0.090318554,0.08178215,0.265372168,0.30952381,0.096704842,0.064264414,0.545413462,0.285247767,0.498876838,0.278931751
Benton,0.011770419,0.009046197,7.8,2.4,311013,0,-0.002724222,0.617993144,3.236514523,12.64759321,5.1,0,1,0,1,0,0,1,0,2,2,0.5,0.142857143,Low Risk,0.006383145,0.003033601,0,0.023809524,0.774903381,0.000535167,0.764268679,0,0.943529583,0
Boone,0.042331486,0.092507925,14.9,3.1,38530,0,0.050176439,0.412958177,4.790996785,10.55921839,9,0,1,0,1,0,0,1,0,2,2,0.5,0.142857143,Low Risk,0.08664914,0.094614263,0.229773463,0.19047619,0.085715081,0.08522245,0.435460911,0.370864632,0.474899983,0.231454006
Bradley,0.156051616,0.446881572,23.2,4.6,10104,0,0.290829956,0.341558131,5.032537961,9.22078563,13.9,1,1,0,0,0,0,1,0,2,3.5,0.5,0.571428571,High Risk,0.385325213,0.48346043,0.498381877,0.547619048,0.013817507,0.47047836,0.32095903,0.428490944,0.174556767,0.522255193
Calhoun,0.390087427,0.917628172,14.3,2.9,4641,0,0.527540745,0.420521324,4.914089347,8.442900587,8.6,0,1,0,0,0,0,1,0,1,1.5,0,0,Low Risk,1,1,0.210355987,0.142857143,0,0.849422462,0.447589679,0.400231759,0,0.207715134
Carroll,0.073290169,0.120751353,14.8,2.9,28814,0,0.047461185,0.560530861,5.085910653,10.26865136,8.85,0,1,0,1,0,0,1,0,2,2,0.5,0.142857143,Low Risk,0.16795944,0.125605137,0.226537217,0.142857143,0.061140507,0.08087567,0.672118324,0.441224472,0.40969698,0.222551929
Chicot,0.180625236,0.419104644,29.7,5.8,9538,0,0.238479408,0.420935168,5.111876076,9.163143937,17.75,1,1,0,0,0,0,1,1,2,3.5,0.5,0.571428571,High Risk,0.449865697,0.452981437,0.708737864,0.833333333,0.012385929,0.386671741,0.448253348,0.44741924,0.161622018,0.75074184
Clark,0.119821518,0.153736135,18.9,4.7,21274,0,0.033914617,0.731796425,4.012738854,9.965287953,11.8,0,1,0,1,0,0,1,0,2,2,0.5,0.142857143,Low Risk,0.290169999,0.16179859,0.359223301,0.571428571,0.042069667,0.059189324,0.946771221,0.18518973,0.341622479,0.397626113
Clay,0.110001746,0.313614702,17.5,4.1,14201,0,0.203612957,0.339915785,4.257907543,9.561138079,10.8,0,1,0,0,0,0,1,0,1,1.5,0,0,Low Risk,0.264379217,0.337229716,0.313915858,0.428571429,0.024180004,0.330854951,0.318325253,0.243681485,0.250931578,0.338278932
Cleburne,0.071801125,0.155012262,13.5,3.9,25445,1,0.083211137,0.435125997,3.452685422,10.14431384,8.7,0,1,0,1,0,0,1,0,2,2,0.5,0.142857143,Low Risk,0.164048596,0.163198855,0.184466019,0.380952381,0.052619332,0.138106832,0.471010708,0.051573532,0.381795741,0.213649852
Cleveland,0.220221011,0.606679876,15.7,3.5,7378,0,0.386458865,0.357107504,4.472934473,8.906393407,9.6,0,1,0,0,0,0,1,0,1,1.5,0,0,Low Risk,0.553860572,0.658803486,0.25566343,0.285714286,0.006922664,0.623568176,0.345895042,0.294982092,0.10400741,0.267062315
Columbia,0.092017786,0.183266353,23.3,4.3,22150,0,0.091248567,0.476119016,5.406032483,10.00563792,13.8,1,1,0,1,0,0,1,0,3,4,1,0.714285714,High Risk,0.217145904,0.194201428,0.501618123,0.476190476,0.044285324,0.150973743,0.536749851,0.517598367,0.350676979,0.516320475
Conway,0.086186855,0.206190983,17.1,3.8,21077,0,0.120004129,0.398660727,4.488188976,9.955985121,10.45,0,1,0,1,0,0,1,0,2,2,0.5,0.142857143,Low Risk,0.201831468,0.219356106,0.300970874,0.357142857,0.041571397,0.197007769,0.412532566,0.298621475,0.339534931,0.317507418
Craighead,0.024358182,0.028388927,16.1,2.7,113993,0,0.004030746,0.634510608,5.94095941,11.64390109,9.4,0,1,0,1,0,0,1,0,2,2,0.5,0.142857143,Low Risk,0.039443814,0.024257941,0.268608414,0.095238095,0.276582829,0.011349018,0.790757188,0.645219944,0.718301894,0.255192878
Crawford,0.031188076,0.058651387,13.3,3.4,61891,0,0.027463311,0.454296373,3.900293255,11.03314621,8.35,0,1,0,1,0,0,1,0,2,2,0.5,0.142857143,Low Risk,0.05738194,0.057464252,0.177993528,0.261904762,0.144801805,0.048861598,0.501753603,0.15836273,0.581248998,0.192878338
Crittenden,0.036477545,0.080113974,20.6,4.2,47139,0,0.043636429,0.404793435,4.893111639,10.76087718,12.4,1,1,0,1,0,0,1,0,3,4,1,0.714285714,High Risk,0.071274272,0.081014662,0.414239482,0.452380952,0.107489731,0.074752719,0.422367386,0.395226948,0.52015205,0.433234421
Cross,0.090342302,0.256731564,19.1,3.4,16420,0,0.166389263,0.338701203,5.601173021,9.706316282,11.25,0,1,0,0,0,0,1,0,1,1.5,0,0,Low Risk,0.21274539,0.274813139,0.365695793,0.261904762,0.029792497,0.271264515,0.316377468,0.564154526,0.283509448,0.364985163
Dallas,0.179997655,0.782216372,19.6,3.9,6185,0,0.602218717,0.227207694,5.012787724,8.730043953,11.75,0,1,0,0,0,0,1,0,1,1.5,0,0,Low Risk,0.448217411,0.851415703,0.381877023,0.380952381,0.003905222,0.968972471,0.137579031,0.42377898,0.064434736,0.394658754
Desha,0.124389599,0.392119769,25,4.6,10479,0,0.26773017,0.309334703,5.422993492,9.257223958,14.8,1,1,0,0,0,0,1,0,2,3.5,0.5,0.571428571,High Risk,0.302167668,0.423371546,0.556634304,0.547619048,0.01476599,0.433498518,0.269283387,0.521644884,0.182733498,0.575667656
Drew,0.137689642,0.226684823,20.6,4.2,16945,0,0.088995181,0.581742591,4.893111639,9.737787097,12.4,1,1,0,0,0,0,1,0,2,3.5,0.5,0.571428571,High Risk,0.337099079,0.241843531,0.414239482,0.452380952,0.031120374,0.147366357,0.70613487,0.395226948,0.290571473,0.433234421
Faulkner,0.025545737,0.023393629,12.9,2.9,129951,0,-0.002152108,0.764988344,4.432989691,11.77492043,7.9,0,1,0,1,0,0,1,0,2,2,0.5,0.142857143,Low Risk,0.042562825,0.018776714,0.165048544,0.142857143,0.316945226,0.00145105,1,0.285452162,0.747702526,0.166172107
Franklin,0.075345636,0.239525291,19,3.2,17468,0,0.164179655,0.301955908,5.919003115,9.768183161,11.1,0,1,0,0,0,0,1,0,1,1.5,0,0,Low Risk,0.173357946,0.255933085,0.362459547,0.214285714,0.032443192,0.267727212,0.257450259,0.639981664,0.297392325,0.356083086
Fulton,0.126570358,0.328741334,17.5,3.8,12421,1,0.202170976,0.373648991,4.593175853,9.427224373,10.65,0,1,0,0,0,0,1,0,1,1.5,0,0,Low Risk,0.307895242,0.353827827,0.313915858,0.357142857,0.01967787,0.328546523,0.372422076,0.323668991,0.220881452,0.329376855
Garland,0.026303318,0.030966179,18.9,3.7,99784,0,0.004662861,0.642073993,5.094339623,11.51077315,11.3,0,1,0,1,0,0,1,0,2,2,0.5,0.142857143,Low Risk,0.044552547,0.027085901,0.359223301,0.333333333,0.240644159,0.012360955,0.802886337,0.443235436,0.688428092,0.367952522
Grant,0.113858446,0.227203824,11.1,2.9,18383,0,0.113345378,0.480002575,3.81443299,9.819236,7,0,1,0,0,0,0,1,0,1,1.5,0,0,Low Risk,0.274508507,0.242413019,0.106796117,0.142857143,0.034757492,0.186347949,0.542977785,0.137878395,0.30884854,0.112759644
Greene,0.035275806,0.091121174,16.2,3.3,46743,0,0.055845368,0.348846879,4.894259819,10.75244118,9.75,0,1,0,1,0,0,1,0,2,2,0.5,0.142857143,Low Risk,0.068118009,0.093092613,0.27184466,0.238095238,0.106488133,0.09429769,0.332647752,0.395500878,0.51825902,0.275964392
Hempstead,0.075456837,0.204175026,16.6,3.4,19343,0,0.128718188,0.352313894,4.868035191,9.870137573,10,0,1,0,0,0,0,1,0,1,1.5,0,0,Low Risk,0.173650007,0.217144041,0.284789644,0.261904762,0.037185609,0.210957879,0.338207688,0.389244269,0.320270812,0.290801187
Hot Spring,0.047460545,0.123332249,16.9,3.5,33258,0,0.075871703,0.355956985,4.814814815,10.41208069,10.2,0,1,0,1,0,0,1,0,2,2,0.5,0.142857143,Low Risk,0.100120171,0.128437095,0.294498382,0.285714286,0.072380668,0.126357325,0.344049993,0.37654708,0.441882403,0.302670623
Howard,0.133077112,0.348959868,17.8,3.5,12533,0,0.215882756,0.370729777,5.071225071,9.436200231,10.65,0,1,0,0,0,0,1,0,1,1.5,0,0,Low Risk,0.324984668,0.376013165,0.323624595,0.285714286,0.01996115,0.350497352,0.367740629,0.437720822,0.222895627,0.329376855
Independence,0.044026703,0.102838723,13.5,3.4,38320,1,0.05881202,0.390173708,3.958944282,10.55375333,8.45,0,1,0,1,0,0,1,0,2,2,0.5,0.142857143,Low Risk,0.091101482,0.105950014,0.184466019,0.261904762,0.08518393,0.099046925,0.398922215,0.172355551,0.473673627,0.198813056
Izard,0.132050027,0.251546239,20.3,5.1,14169,1,0.119496212,0.504882149,3.97260274,9.558882333,12.7,1,1,0,0,0,0,1,0,2,3.5,0.5,0.571428571,High Risk,0.322287119,0.269123399,0.404530744,0.666666667,0.024099067,0.196194658,0.582876333,0.175614153,0.25042539,0.451038576
Jackson,0.078979567,0.255850002,24.6,5.1,16784,1,0.176870435,0.297083191,4.81409002,9.728240909,14.85,1,1,0,0,0,0,1,0,2,3.5,0.5,0.571428571,High Risk,0.182902151,0.273845821,0.54368932,0.666666667,0.030713158,0.288043549,0.249636044,0.376374161,0.288429316,0.578635015
Jefferson,0.032423573,0.064557089,24.3,4.6,63661,0,0.032133516,0.434882502,5.271149675,11.06134312,14.45,1,1,0,1,0,0,1,0,3,4,1,0.714285714,High Risk,0.060626867,0.063944445,0.533980583,0.547619048,0.149278647,0.056338006,0.470620224,0.485418352,0.587576361,0.554896142
Johnson,0.069185071,0.157638549,17.1,4.4,26129,0,0.088453478,0.412703829,3.87755102,10.17083936,10.75,0,1,0,1,0,0,1,0,2,2,0.5,0.142857143,Low Risk,0.157177756,0.16608062,0.300970874,0.5,0.054349366,0.146499158,0.435053022,0.152936943,0.387748046,0.335311573
Lafayette,0.151111298,0.772711636,22.8,4.9,6095,0,0.621600338,0.193061264,4.643584521,8.715388097,13.85,1,1,0,0,0,0,1,0,2,3.5,0.5,0.571428571,High Risk,0.372349895,0.840986371,0.485436893,0.619047619,0.003677586,1,0.082819535,0.33569537,0.061145974,0.519287834
Lawrence,0.086023626,0.22520918,18.3,3.4,16318,0,0.139185554,0.365732435,5.366568915,9.700085352,10.85,0,1,0,0,0,0,1,0,1,1.5,0,0,Low Risk,0.201402763,0.240224341,0.339805825,0.261904762,0.02953451,0.22771481,0.359726557,0.508183244,0.282111232,0.341246291
Lee,0.083711472,0.581946017,38.7,5.2,8201,0,0.498234545,0.141417409,7.428023033,9.012133306,21.95,1,1,0,0,0,1,1,1,2,3.5,0.5,0.571428571,High Risk,0.195330091,0.631663584,1,0.69047619,0.009004269,0.802506934,0,1,0.127735356,1
Lincoln,0.084326571,0.373299334,26.2,4,12898,0,0.288972763,0.220001873,6.533665835,9.464905068,15.1,1,1,0,0,0,0,1,1,2,3.5,0.5,0.571428571,High Risk,0.196945596,0.40272031,0.595469256,0.404761905,0.020884341,0.467505229,0.126023294,0.786626415,0.229336969,0.59347181
Little River,0.147743947,0.368808959,17.7,3.5,11805,0,0.221065012,0.390022316,5.042735043,9.376363156,10.6,0,1,0,0,0,0,1,0,1,1.5,0,0,Low Risk,0.363505841,0.397793123,0.32038835,0.285714286,0.018119828,0.358793489,0.398679433,0.430923739,0.209468236,0.326409496
Logan,0.072658789,0.204366286,16.6,4,21400,0,0.131707497,0.338946906,4.139650873,9.971192929,10.3,0,1,0,1,0,0,1,0,2,2,0.5,0.142857143,Low Risk,0.166301177,0.217353907,0.284789644,0.404761905,0.042388357,0.215743384,0.316771493,0.215468094,0.342947551,0.308605341
Lonoke,0.027644332,0.048745596,9.6,2.7,75944,0,0.021101264,0.470577097,3.542435424,11.23776467,6.15,0,1,0,1,0,0,1,0,2,2,0.5,0.142857143,Low Risk,0.048074603,0.046594852,0.058252427,0.095238095,0.180345906,0.038676763,0.52786246,0.072985872,0.627165214,0.06231454
Madison,0.072227936,0.290886725,14.8,2.6,17775,0,0.218658789,0.240050257,5.670498084,9.785604512,8.7,0,1,0,0,0,0,1,0,1,1.5,0,0,Low Risk,0.165169577,0.312290822,0.226537217,0.071428571,0.033219684,0.354941431,0.158174222,0.580693933,0.301301662,0.213649852
Marion,0.088152186,0.206390142,17.4,4.1,17514,1,0.118237957,0.407376162,4.233576642,9.770812936,10.75,0,1,0,0,0,0,1,0,1,1.5,0,0,Low Risk,0.20699324,0.219574638,0.310679612,0.428571429,0.032559539,0.19418035,0.42650922,0.237876678,0.297982444,0.335311573
Miller,0.03783389,0.095315599,21.5,3.6,42415,0,0.057481708,0.359242988,5.95567867,10.65528093,12.55,1,1,0,1,0,0,1,0,3,4,1,0.714285714,High Risk,0.074836596,0.09769506,0.443365696,0.30952381,0.095541369,0.096917264,0.349319648,0.64873163,0.496456338,0.442136499
Mississippi,0.036671416,0.109834683,24.9,4.9,38663,0,0.073163267,0.306016718,5.071283096,10.56266421,14.9,1,1,0,1,0,0,1,0,3,4,1,0.714285714,High Risk,0.071783459,0.113626522,0.553398058,0.619047619,0.086051476,0.12202146,0.263962446,0.437734665,0.475673223,0.581602374
Monroe,0.240144471,0.624375624,26.3,3.9,6512,0,0.384231153,0.378552488,6.726342711,8.781555459,15.1,1,1,0,0,0,0,1,1,2,3.5,0.5,0.571428571,High Risk,0.606187814,0.67822063,0.598705502,0.380952381,0.0047323,0.620001891,0.380285651,0.8325948,0.075993876,0.59347181
Montgomery,0.195429099,0.428660177,18.8,4.9,8620,0,0.233231078,0.445513656,3.82892057,9.061956366,11.85,0,1,0,0,0,0,1,0,1,1.5,0,0,Low Risk,0.488746761,0.463466507,0.355987055,0.619047619,0.010064042,0.378269825,0.487669051,0.141334807,0.13891561,0.400593472
Nevada,0.143722113,0.600819963,23.2,3.7,8120,0,0.45709785,0.235293738,6.253369272,9.002208578,13.45,1,1,0,0,0,0,1,0,2,3.5,0.5,0.571428571,High Risk,0.352942841,0.652373537,0.498381877,0.333333333,0.008799397,0.736652277,0.150546352,0.719753936,0.125508256,0.495548961
Newton,0.201568626,0.544100009,18.8,3.4,7071,0,0.342531383,0.363776615,5.513196481,8.863898604,11.1,0,1,0,0,0,0,1,0,1,1.5,0,0,Low Risk,0.504871698,0.590136017,0.355987055,0.261904762,0.006146173,0.553245821,0.356590074,0.543165295,0.094471611,0.356083086
Ouachita,0.069264542,0.193934856,18.8,3.9,21793,0,0.124670315,0.339640524,4.808184143,9.989389982,11.35,0,1,0,1,0,0,1,0,2,2,0.5,0.142857143,Low Risk,0.157386479,0.205907735,0.355987055,0.380952381,0.043382368,0.204477744,0.317883827,0.374965151,0.347030954,0.370919881
Perry,0.168222745,0.434123213,14.1,3.6,10184,0,0.265900468,0.378774944,3.905817175,9.228671329,8.85,0,1,0,0,0,0,1,0,1,1.5,0,0,Low Risk,0.41729163,0.469460973,0.203883495,0.30952381,0.01401985,0.430569397,0.380642396,0.159680614,0.176326311,0.222551929
Phillips,0.097133939,0.224574179,34.2,6.5,14961,0,0.12744024,0.414086236,5.253456221,9.613268932,20.35,1,1,1,0,0,1,1,1,3,5,1,1,Very High Risk,0.230583037,0.239527569,0.854368932,1,0.026102264,0.208912045,0.437269942,0.48119709,0.262629699,0.90504451
Pike,0.191614475,0.361124902,18.2,3.5,10208,0,0.169510426,0.516307245,5.185185185,9.231024963,10.85,0,1,0,0,0,0,1,0,1,1.5,0,0,Low Risk,0.478727983,0.389361581,0.336569579,0.285714286,0.014080553,0.276261104,0.601198379,0.464909151,0.176854465,0.341246291
Poinsett,0.053243485,0.205260425,19.1,3.3,22397,0,0.152016939,0.247344514,5.770392749,10.01672695,11.2,0,1,0,1,0,0,1,0,2,2,0.5,0.142857143,Low Risk,0.115308562,0.218335024,0.365695793,0.238095238,0.044910058,0.248256239,0.169871781,0.604526561,0.353165347,0.362017804
Polk,0.088505451,0.184342041,18.8,3.6,19436,0,0.09583659,0.455410733,5.207756233,9.874933745,11.2,0,1,0,0,0,0,1,0,1,1.5,0,0,Low Risk,0.207921062,0.195381756,0.355987055,0.30952381,0.037420833,0.158318589,0.503540666,0.470294097,0.321347069,0.362017804
Pope,0.03814058,0.054189169,13.5,3.9,64593,0,0.016048589,0.594190273,3.452685422,11.07587681,8.7,0,1,0,1,0,0,1,0,2,2,0.5,0.142857143,Low Risk,0.075642088,0.052567961,0.184466019,0.380952381,0.151635944,0.030588069,0.726096805,0.051573532,0.590837709,0.213649852
Prairie,0.207889514,0.546470418,15.4,3.1,8036,0,0.338580904,0.373585922,4.951768489,8.991811158,9.25,0,1,0,0,0,0,1,0,1,1.5,0,0,Low Risk,0.521472963,0.592737013,0.245954693,0.19047619,0.008586937,0.546921602,0.372320933,0.409221158,0.123175083,0.246290801
Pulaski,0.009340053,0.006281534,15.7,3.2,400009,0,-0.003058519,0.573659279,4.890965732,12.89924483,9.45,0,1,0,1,0,0,1,0,2,2,0.5,0.142857143,Low Risk,0,0,0.25566343,0.214285714,1,0,0.693171931,0.394714983,1,0.258160237
Randolph,0.076580855,0.214509183,18.5,3.5,18907,0,0.137928329,0.34110344,5.270655271,9.847340392,11,0,1,0,0,0,0,1,0,1,1.5,0,0,Low Risk,0.176602142,0.228483478,0.346278317,0.285714286,0.036082839,0.225702151,0.320229856,0.485300398,0.315155143,0.350148368
Saline,0.021994848,0.02527175,9.3,2.7,129574,0,0.003276903,0.623582539,3.431734317,11.77201514,6,0,1,0,1,0,0,1,0,2,2,0.5,0.142857143,Low Risk,0.033236722,0.020837534,0.048543689,0.095238095,0.315991684,0.010142211,0.773232206,0.046575068,0.747050582,0.053412463
Scott,0.109918033,0.438055692,19.5,3,9851,0,0.328137659,0.245322257,6.478405316,9.195429759,11.25,0,1,0,0,0,0,1,0,1,1.5,0,0,Low Risk,0.264159354,0.473775993,0.378640777,0.166666667,0.013177597,0.530203285,0.166628753,0.773442493,0.16886693,0.364985163
Searcy,0.175360111,0.467403857,20.2,4.3,7806,1,0.292043747,0.367320263,4.686774942,8.962776046,12.25,1,1,0,0,0,0,1,0,2,3.5,0.5,0.571428571,High Risk,0.436037302,0.505979069,0.401294498,0.476190476,0.0080052,0.472421486,0.362272905,0.345999636,0.116659628,0.424332344
Sebastian,0.018887239,0.023431827,12.8,3.4,129098,0,0.004544588,0.564947861,3.753665689,11.76833483,8.1,0,1,0,1,0,0,1,0,2,2,0.5,0.142857143,Low Risk,0.025074858,0.018818628,0.161812298,0.261904762,0.314787742,0.012171615,0.67920172,0.123380679,0.746224723,0.178041543
Sevier,0.069916583,0.210083003,18.7,3.8,15632,0,0.14016642,0.317682793,4.908136483,9.657139344,11.25,0,1,0,0,0,0,1,0,1,1.5,0,0,Low Risk,0.15909901,0.223626731,0.352750809,0.357142857,0.027799417,0.229285053,0.282670943,0.398811539,0.272474183,0.364985163
Sharp,0.066387334,0.225743124,19.7,3.9,17968,1,0.15935579,0.281608782,5.038363171,9.79640333,11.8,0,1,0,0,0,0,1,0,1,1.5,0,0,Low Risk,0.149829743,0.240810227,0.385113269,0.380952381,0.033707837,0.260004813,0.224820249,0.429880709,0.303724908,0.397626113
St. Francis,0.0583839,0.19990109,34.3,5,22101,0,0.141517191,0.278149577,6.846307385,10.00342338,19.65,1,1,0,1,0,1,1,1,3,4,1,0.714285714,High Risk,0.128809415,0.212454349,0.857605178,0.642857143,0.044161389,0.231447467,0.219272837,0.861215683,0.350180038,0.863501484
Stone,0.121402669,0.294699366,17.7,4.1,12671,1,0.173296697,0.398434268,4.306569343,9.447150114,10.9,0,1,0,0,0,0,1,0,1,1.5,0,0,Low Risk,0.294322754,0.316474347,0.32038835,0.428571429,0.020310192,0.282322446,0.412169401,0.255291101,0.225352772,0.34421365
Union,0.050590506,0.107201261,19,4.6,37397,0,0.056610756,0.43165496,4.121475054,10.52937251,11.8,0,1,0,1,0,0,1,0,2,2,0.5,0.142857143,Low Risk,0.108340741,0.110736928,0.362459547,0.547619048,0.082849396,0.095522979,0.465444322,0.211131751,0.468202591,0.397626113
Van Buren,0.097761238,0.273220775,16.5,4,16142,1,0.175459536,0.345176792,4.114713217,9.689241798,10.25,0,1,0,0,0,0,1,0,1,1.5,0,0,Low Risk,0.232230585,0.292906376,0.281553398,0.404761905,0.029089355,0.285784878,0.326762156,0.209518528,0.279677948,0.305637982
Washington,0.013234342,0.0108222,13.5,2.3,261549,0,-0.002412141,0.635588053,5.844155844,12.47438075,7.9,0,1,0,1,0,0,1,0,2,2,0.5,0.142857143,Low Risk,0.010228012,0.00498237,0.184466019,0,0.649794622,0.001034769,0.79248505,0.622124783,0.904660849,0.166172107
White,0.02524215,0.051762541,15.7,3.5,78452,1,0.026520391,0.408696747,4.472934473,11.270255,9.6,0,1,0,1,0,0,1,0,2,2,0.5,0.142857143,Low Risk,0.041765479,0.049905277,0.25566343,0.285714286,0.186689363,0.047352103,0.428626997,0.294982092,0.634456016,0.267062315
Woodruff,0.266446189,0.77396274,24.4,3.6,5964,1,0.507516551,0.339870986,6.75900277,8.693664335,14,1,1,0,0,0,0,1,0,2,3.5,0.5,0.571428571,High Risk,0.675266998,0.842359179,0.537216828,0.30952381,0.00334625,0.817366254,0.31825341,0.840386758,0.05627118,0.528189911
Yell,0.071432354,0.198125067,16.5,3.7,20044,0,0.126692713,0.343218407,4.447439353,9.905735025,10.1,0,1,0,1,0,0,1,0,2,2,0.5,0.142857143,Low Risk,0.16308005,0.210505558,0.281553398,0.333333333,0.038958641,0.207715348,0.323621558,0.288899528,0.328258851,0.296735905
