county,BachelorsDegreePct,HighSchoolGradPct,PovertyRate,UnemploymentRate,Population,IsNCA,EducationGap,BachelorsDegreePct_Norm,HighSchoolGradPct_Norm,PovertyRate_Norm,UnemploymentRate_Norm,Population_Norm,EducationGap_Norm,HighPoverty,LowBachelorRate,HighUnemployment,LargePopulation,WideEducationGap
arkansas,0.15399138143128716,0.21086774514012385,15.4,2.7,16307.0,0,0.0568763637088367,0.37991418555602047,0.22448781020829264,0.24595469255663427,0.09523809523809534,0.02950668744056171,0.09594818362396877,0,1,0,0,0
ashley,0.06668553055525135,0.28520759319899247,18.4,5.6,18262.0,0,0.21852206264374113,0.1506129297890138,0.30605923977328103,0.3430420711974109,0.7857142857142857,0.034451447765120095,0.3547225484493855,0,1,0,0,0
baxter,0.04372860522448979,0.0808134216909621,16.0,3.6,42875.0,1,0.03708481646647231,0.09031855370684982,0.08178215016370088,0.2653721682847896,0.30952380952380953,0.09670484207118432,0.06426441411880214,0,1,0,1,0
benton,0.01177041891818027,0.009046196589853159,7.8,2.4,311013.0,0,-0.0027242223283271104,0.006383145271535294,0.003033601434169529,0.0,0.023809523809523836,0.7749033811537606,0.0005351667814938628,0,1,0,1,0
boone,0.04233148575136257,0.09250792491565014,14.9,3.1,38530.0,0,0.05017643916428757,0.08664914041518526,0.09461426337080296,0.2297734627831715,0.19047619047619047,0.0857150806337387,0.0852224499371596,0,1,0,1,0
bradley,0.15605161599366588,0.4468815718527316,23.2,4.6,10104.0,0,0.2908299558590657,0.3853252131972126,0.48346043047522524,0.4983818770226537,0.5476190476190476,0.01381750672790919,0.47047836046263836,1,1,0,0,0
calhoun,0.39008742663219137,0.9176281717302306,14.3,2.9,4641.0,0,0.5275407450980392,1.0,0.9999999999999999,0.21035598705501618,0.1428571428571429,0.0,0.8494224618909482,0,1,0,0,0
carroll,0.07329016877212467,0.12075135347400569,14.8,2.9,28814.0,0,0.047461184701881015,0.1679594400379794,0.12560513708764576,0.22653721682847894,0.1428571428571429,0.061140507071892516,0.0808756701992614,0,1,0,1,0
chicot,0.18062523558397986,0.41910464405535747,29.7,5.8,9538.0,0,0.2384794084713776,0.4498656967302168,0.452981437465164,0.7087378640776698,0.8333333333333334,0.0123859290584974,0.3866717405663224,1,1,0,0,0
clark,0.11982151809720785,0.15373613481244713,18.9,4.7,21274.0,0,0.03391461671523928,0.2901699989605946,0.1617985896964614,0.35922330097087374,0.5714285714285715,0.04206966674085915,0.05918932438613076,0,1,0,1,0
clay,0.1100017455108795,0.313614702063235,17.5,4.1,14201.0,0,0.2036129565523555,0.26437921675301207,0.33722971617820385,0.31391585760517793,0.4285714285714285,0.024180004451548942,0.3308549510785037,0,1,0,0,0
cleburne,0.07180112513263902,0.15501226225191592,13.5,3.9,25445.0,1,0.0832111371192769,0.16404859588492554,0.16319885539867465,0.1844660194174757,0.38095238095238093,0.05261933186297324,0.13810683249004393,0,1,0,1,0
cleveland,0.22022101111412307,0.606679875847113,15.7,3.5,7378.0,0,0.38645886473298996,0.5538605717704015,0.6588034859057404,0.25566343042071193,0.2857142857142857,0.006922664454381741,0.6235681755078434,0,1,0,0,0
columbia,0.09201778559819412,0.18326635255079007,23.3,4.3,22150.0,0,0.09124856695259595,0.21714590363293834,0.19420142800162585,0.5016181229773462,0.47619047619047616,0.04428532405252828,0.1509737433552911,1,1,0,1,0
conway,0.08618685462826778,0.2061909833942212,17.1,3.8,21077.0,0,0.12000412876595343,0.20183146845730177,0.21935610559348048,0.30097087378640774,0.3571428571428571,0.04157139677465046,0.19700776895869548,0,1,0,1,0
craighead,0.024358181677822326,0.02838892739027835,16.1,2.7,113993.0,0,0.0040307457124560235,0.03944381393372408,0.024257941331016865,0.26860841423948223,0.09523809523809534,0.2765828291616924,0.011349018159460801,0,1,0,1,0
crawford,0.031188076101533343,0.05865138698679937,13.3,3.4,61891.0,0,0.02746331088526603,0.05738194010051097,0.05746425202304452,0.1779935275080906,0.26190476190476186,0.1448018049007507,0.048861597886472236,0,1,0,1,0
crittenden,0.03647754513248054,0.08011397405545302,20.6,4.2,47139.0,0,0.04363642892297248,0.07127427238943208,0.08101466213373953,0.4142394822006472,0.45238095238095244,0.1074897310859756,0.07475271886915533,1,1,0,1,0
cross,0.09034230164433617,0.2567315643118148,19.1,3.4,16420.0,0,0.16638926266747867,0.21274539014177946,0.274813138990003,0.3656957928802589,0.26190476190476186,0.029792497116610354,0.27126451467973617,0,1,0,0,0
dallas,0.17999765513338722,0.7822163723524655,19.6,3.9,6185.0,0,0.6022187172190783,0.44821741103147206,0.8514157031036068,0.3818770226537217,0.38095238095238093,0.0039052224762752673,0.9689724711358848,0,1,0,0,0
desha,0.12438959910296785,0.3921197687756466,25.0,4.6,10479.0,0,0.2677301696726787,0.30216766808077145,0.42337154572236896,0.5566343042071197,0.5476190476190476,0.014765990166123713,0.4334985178972482,1,1,0,0,0
drew,0.13768964207730894,0.22668482295662437,20.6,4.2,16945.0,0,0.08899518087931543,0.3370990790362847,0.24184353103261963,0.4142394822006472,0.45238095238095244,0.031120373930110683,0.1473663566220726,1,1,0,0,0
faulkner,0.025545737031650393,0.023393629090965054,12.9,2.9,129951.0,0,-0.002152107940685339,0.042562825216395775,0.018776713779194744,0.16504854368932037,0.1428571428571429,0.3169452257137654,0.0014510497171054161,0,1,0,1,0
franklin,0.07534563579116098,0.23952529070299977,19.0,3.2,17468.0,0,0.16417965491183878,0.17335794613949956,0.25593308512379204,0.36245954692556626,0.2142857142857143,0.032443192165273874,0.26772721150837686,0,1,0,0,0
fulton,0.12657035786168586,0.32874133435311165,17.5,3.8,12421.0,1,0.2021709764914258,0.30789524208504926,0.35382782678251995,0.31391585760517793,0.3571428571428571,0.019677869731490667,0.3285465229742195,0,1,0,0,0
garland,0.026303318377695825,0.030966179357412013,18.9,3.7,99784.0,0,0.004662860979716188,0.04455254700767103,0.027085901473493795,0.35922330097087374,0.33333333333333337,0.24064415936545194,0.01236095493142261,0,1,0,1,0
grant,0.11385844600990044,0.22720382353261162,11.1,2.9,18383.0,0,0.11334537752271118,0.2745085065848976,0.24241301859593573,0.10679611650485432,0.1428571428571429,0.03475749175451731,0.1863479485313399,0,1,0,0,0
greene,0.03527580600303788,0.09112117422929636,16.2,3.3,46743.0,0,0.05584536822625848,0.06811800864856535,0.09309261328824522,0.27184466019417464,0.23809523809523803,0.10648813257522106,0.0942976899646881,0,1,0,1,0
hempstead,0.07545683720208861,0.20417502564235124,16.6,3.4,19343.0,0,0.12871818844026262,0.1736500070141479,0.21714404086565872,0.28478964401294493,0.26190476190476186,0.037185609356346495,0.21095787881084954,0,1,0,0,0
hot spring,0.04746054525227013,0.12333224872211196,16.9,3.5,33258.0,0,0.07587170346984183,0.1001201709665251,0.12843709491971989,0.2944983818770226,0.2857142857142857,0.07238066813702677,0.1263573254303127,0,1,0,1,0
howard,0.13307711202425598,0.34895986818798375,17.8,3.5,12533.0,0,0.21588275616372776,0.3249846683431245,0.3760131654895964,0.3236245954692556,0.2857142857142857,0.019961150118370734,0.35049735184690667,0,1,0,0,0
independence,0.04402670305323591,0.10283872327766178,13.5,3.4,38320.0,1,0.058812020224425866,0.09110148183580143,0.1059500141550877,0.1844660194174757,0.26190476190476186,0.08518392990833856,0.09904692543177575,0,1,0,1,0
izard,0.1320500272425718,0.2515462390429811,20.3,5.1,14169.0,1,0.11949621180040931,0.32228711911983404,0.26912339915352557,0.40453074433656955,0.6666666666666666,0.024099067198154633,0.1961946579943533,1,1,0,0,0
jackson,0.07897956684938036,0.2558500020853194,24.6,5.1,16784.0,1,0.17687043523593904,0.18290215132917892,0.2738458207489328,0.5436893203883495,0.6666666666666666,0.03071315837397058,0.28804354927144005,1,1,0,0,0
jefferson,0.032423573475126054,0.06455708909693533,24.3,4.6,63661.0,0,0.03213351562180928,0.06062686694583663,0.0639444450324152,0.5339805825242718,0.5476190476190476,0.14927864672912325,0.05633800630480147,1,1,0,1,0
johnson,0.06918507103218645,0.15763854889203566,17.1,4.4,26129.0,0,0.08845347785984921,0.15717775636650727,0.1660806201759224,0.30097087378640774,0.5000000000000001,0.05434936565427653,0.14649915844909286,0,1,0,1,0
lafayette,0.1511112976702215,0.7727116356029532,22.8,4.9,6095.0,0,0.6216003379327317,0.3723498950016082,0.8409863709951709,0.4854368932038835,0.6190476190476192,0.003677586451103783,1.0,1,1,0,0,0
lawrence,0.08602362599583283,0.22520917986272826,18.3,3.4,16318.0,0,0.13918555386689543,0.2014027625914417,0.24022434132696557,0.3398058252427184,0.26190476190476186,0.029534509621416002,0.2277148099109046,0,1,0,0,0
lee,0.0837114721741251,0.581946017436898,38.7,5.2,8201.0,0,0.4982345452627729,0.1953300908343465,0.631663583930402,0.9999999999999999,0.6904761904761906,0.009004269440116551,0.8025069343032222,1,1,0,0,0
lincoln,0.08432657140641961,0.3732993343929291,26.2,4.0,12898.0,0,0.28897276298650953,0.19694559569422943,0.402720309841222,0.5954692556634303,0.40476190476190477,0.02088434066489954,0.4675052290454669,1,1,0,0,0
little river,0.14774394739517152,0.3688089589157137,17.7,3.5,11805.0,0,0.22106501152054217,0.3635058411503643,0.3977931226525964,0.3203883495145631,0.2857142857142857,0.018119827603650274,0.3587934886891422,0,1,0,0,0
logan,0.07265878939252336,0.2043662863084112,16.6,4.0,21400.0,0,0.13170749691588785,0.16630117678121853,0.21735390685755188,0.28478964401294493,0.40476190476190477,0.042388357176099234,0.21574338443917232,0,1,0,1,0
lonoke,0.02764433183661645,0.04874559557042031,9.6,2.7,75944.0,0,0.02110126373380386,0.04807460271236333,0.046594851722861444,0.058252427184465994,0.09523809523809534,0.18034590558669392,0.03867676326695067,0,1,0,1,0
madison,0.07222793558368495,0.2908867248945148,14.8,2.6,17775.0,0,0.21865878931082983,0.1651695765685487,0.31229082220434473,0.22653721682847894,0.07142857142857151,0.0332196839400255,0.3549414305889271,0,1,0,0,0
marion,0.08815218573712459,0.20639014228617103,17.4,4.1,17514.0,1,0.11823795654904644,0.20699324039740585,0.2195746381295446,0.3106796116504853,0.4285714285714285,0.03255953946702819,0.19418035012470317,0,1,0,0,0
miller,0.0378338904632795,0.09531559884474831,21.5,3.6,42415.0,0,0.057481708381468814,0.07483659592771955,0.09769506030715831,0.4433656957928802,0.30952380952380953,0.09554136905364118,0.09691726405229437,1,1,0,1,0
mississippi,0.0366714164963919,0.10983468323720352,24.9,4.9,38663.0,0,0.07316326674081162,0.07178345873554831,0.11362652238022333,0.553398058252427,0.6190476190476192,0.08605147609315879,0.12202146002317393,1,1,0,1,0
monroe,0.24014447097665848,0.6243756243857493,26.3,3.9,6512.0,0,0.38423115340909086,0.6061878135286844,0.6782206295132449,0.598705501618123,0.38095238095238093,0.004732300034398335,0.6200018908083135,1,1,0,0,0
montgomery,0.19542909883990717,0.42866017656612526,18.8,4.9,8620.0,0,0.2332310777262181,0.4887467614094562,0.46346650661059474,0.3559870550161812,0.6190476190476192,0.010064041601748246,0.37826982536584874,0,1,0,0,0
nevada,0.14372211268472906,0.6008199631773399,23.2,3.7,8120.0,0,0.4570978504926108,0.3529428406144526,0.6523735366109711,0.4983818770226537,0.33333333333333337,0.008799397017462214,0.7366522772952891,1,1,0,0,0
newton,0.20156862593692548,0.5441000091924764,18.8,3.4,7071.0,0,0.3425313832555509,0.5048716975853922,0.5901360172695025,0.3559870550161812,0.26190476190476186,0.006146172679630116,0.553245821169902,0,1,0,0,0
ouachita,0.06926454150415272,0.19393485628412793,18.8,3.9,21793.0,0,0.12467031477997521,0.1573864786781899,0.20590773523215247,0.3559870550161812,0.38095238095238093,0.04338236781934805,0.20447774390941778,0,1,0,1,0
perry,0.16822274518853103,0.43412321327572667,14.1,3.6,10184.0,0,0.26590046808719564,0.4172916298861439,0.4694609729137181,0.20388349514563103,0.30952380952380953,0.014019849861394955,0.43056939656136833,0,1,0,0,0
phillips,0.09713393884098656,0.22457417913241096,34.2,6.5,14961.0,0,0.1274402402914244,0.2305830370151497,0.2395275694246908,0.8543689320388349,0.9999999999999999,0.02610226421966371,0.20891204509752195,1,1,1,0,0
pike,0.19161447531347964,0.3611249015478057,18.2,3.5,10208.0,0,0.16951042623432605,0.47872798310180115,0.3893615807443686,0.3365695792880258,0.2857142857142857,0.014080552801440686,0.2762611036694155,0,1,0,0,0
poinsett,0.05324348519891057,0.20526042456579008,19.1,3.3,22397.0,0,0.15201693936687952,0.11530856187600329,0.21833502449213982,0.3656957928802589,0.23809523809523803,0.04491005847716558,0.24825623881663503,0,1,0,1,0
polk,0.08850545137888455,0.184342040954929,18.8,3.6,19436.0,0,0.09583658957604446,0.20792106200915456,0.19538175649547224,0.3559870550161812,0.30952380952380953,0.0374208332490237,0.15831858858167505,0,1,0,0,0
pope,0.0381405795984085,0.054189168547675456,13.5,3.9,64593.0,0,0.01604858894926696,0.07564208837879283,0.05256796091383549,0.1844660194174757,0.38095238095238093,0.15163594423423243,0.030588068568278403,0,1,0,1,0
prairie,0.20788951406172226,0.5464704178695868,15.4,3.1,8036.0,0,0.33858090380786454,0.5214729627931115,0.5927370129601587,0.24595469255663427,0.19047619047619047,0.008586936727302161,0.5469216021120069,0,1,0,0,0
pulaski,0.009340053121304771,0.006281534122982233,15.7,3.2,400009.0,0,-0.003058518998322538,0.0,0.0,0.25566343042071193,0.2142857142857143,1.0000000000000002,0.0,0,1,0,1,0
randolph,0.07658085476278627,0.21450918342412864,18.5,3.5,18907.0,0,0.13792832866134236,0.17660214178617017,0.22848347786507517,0.34627831715210355,0.2857142857142857,0.036082839278849074,0.22570215101460747,0,1,0,0,0
saline,0.021994847716362852,0.025271750474632256,9.3,2.7,129574.0,0,0.003276902758269404,0.033236721972282356,0.020837533785727315,0.04854368932038833,0.09523809523809534,0.3159916836972137,0.010142210722373866,0,1,0,1,0
scott,0.10991803349913716,0.43805569221398843,19.5,3.0,9851.0,0,0.3281376587148513,0.26415935440446736,0.4737759928808587,0.37864077669902907,0.16666666666666663,0.013177596568260458,0.5302032846221679,0,1,0,0,0
searcy,0.17536011068408913,0.4674038574173712,20.2,4.3,7806.0,1,0.2920437467332821,0.4360373021930706,0.5059790690675847,0.4012944983818769,0.47619047619047616,0.008005200218530585,0.47242148647573895,1,1,0,0,0
sebastian,0.01888723926009698,0.023431827177802907,12.8,3.4,129098.0,0,0.004544587917705928,0.025074857511838432,0.018818627673712583,0.1618122977346278,0.26190476190476186,0.31478774205297344,0.012171614684825714,0,1,0,1,0
sevier,0.06991658316274309,0.21008300307062436,18.7,3.8,15632.0,0,0.14016641990788126,0.1590990096211557,0.2236267305300268,0.3527508090614886,0.3571428571428571,0.027799417251775566,0.22928505266037078,0,1,0,0,0
sharp,0.06638733414959928,0.22574312438780053,19.7,3.9,17968.0,1,0.15935579023820123,0.14982974275635647,0.24081022654674775,0.3851132686084142,0.38095238095238093,0.033707836749559905,0.2600048129221515,0,1,0,0,0
st. francis,0.058383899506809646,0.19990109044839602,34.3,5.0,22101.0,0,0.14151719094158638,0.12880941484446662,0.21245434869191407,0.8576051779935273,0.6428571428571429,0.04416138888326825,0.2314474666223555,1,1,0,1,0
stone,0.12140266885013022,0.29469936603267305,17.7,4.1,12671.0,1,0.1732966971825428,0.29432275446969375,0.31647434687084086,0.3203883495145631,0.4285714285714285,0.020310192023633683,0.2823224456422464,0,1,0,0,0
union,0.05059050578923443,0.10720126135786293,19.0,4.6,37397.0,0,0.0566107555686285,0.10834074123100997,0.11073692826677527,0.36245954692556626,0.5476190476190476,0.08284939600574655,0.09552297851039185,0,1,0,1,0
van buren,0.09776123844628917,0.27322077462520133,16.5,4.0,16142.0,1,0.17545953617891216,0.23223058509806427,0.2929063755620708,0.2815533980582524,0.40476190476190477,0.02908935472774732,0.2857848779320811,0,1,0,0,0
washington,0.013234341813579865,0.010822200413689214,13.5,2.3,261549.0,0,-0.0024121413998906514,0.010228011965954492,0.00498237015788916,0.1844660194174757,0.0,0.649794621719512,0.0010347689643072319,0,1,0,1,0
white,0.025242149505430075,0.05176254085300566,15.7,3.5,78452.0,1,0.026520391347575587,0.04176547887249081,0.049905277370018465,0.25566343042071193,0.2857142857142857,0.18668936282147267,0.047352102700054806,0,1,0,1,0
woodruff,0.26644618913480883,0.7739627399396378,24.4,3.6,5964.0,1,0.5075165508048289,0.6752669982795106,0.8423591794141161,0.5372168284789642,0.30952380952380953,0.003346249570020842,0.8173662538166899,1,1,0,0,0
yell,0.07143235387148274,0.19812506680303332,16.5,3.7,20044.0,0,0.1266927129315506,0.16308005010677395,0.2105055582184827,0.2815533980582524,0.33333333333333337,0.038958641063515514,0.2077153481299221,0,1,0,1,0
